Time,AccX,AccY,AccZ
""
""
0,2496,-240,17632
1,2516,-152,17496
2,2592,-160,17480
3,2592,-160,17480
4,2596,-68,17604
5,2528,-76,17616
6,2464,-44,17584
7,2516,-40,17556
8,2600,-100,17580
9,2592,-92,17496
10,2676,-80,17532
11,2648,-156,17636
12,2592,-84,17628
13,2616,-136,17640
14,2616,-136,17640
15,2504,-68,17628
16,2472,-92,17688
17,2476,-76,17524
18,2600,-120,17640
19,2564,-84,17680
20,2548,-120,17688
21,2552,-40,17688
22,2516,-72,17636
23,2540,-148,17512
24,2532,-192,17620
25,2532,-192,17620
26,2584,-12,17652
27,2600,-12,17608
28,2576,-8,17656
29,2544,-92,17576
30,2592,-60,17600
31,2548,-108,17580
32,2508,-120,17512
33,2560,-136,17572
34,2476,-196,17580
35,2496,-124,17636
36,2496,-124,17636
37,2488,-40,17728
38,2564,-64,17612
39,2540,-92,17544
40,2496,-40,17436
41,2464,-60,17532
42,2560,-112,17608
43,2644,-112,17544
44,2536,-28,17584
45,2464,-68,17656
46,2464,-68,17656
47,2448,76,17712
48,2496,-64,17568
49,2528,-60,17632
50,2540,-112,17580
51,2524,-76,17588
52,2456,-172,17540
53,2528,-88,17484
54,2484,-248,17536
55,2480,-96,17652
56,2572,-156,17596
57,2572,-156,17596
58,2516,-128,17680
59,2420,-108,17616
60,2436,-168,17612
61,2532,-140,17624
62,2536,-72,17620
63,2516,-164,17600
64,2540,-96,17596
65,2420,-36,17600
66,2492,-160,17640
67,2496,-76,17556
68,2496,-76,17556
69,2528,-144,17624
70,2568,-112,17640
71,2552,-180,17520
72,2552,-88,17536
73,2532,-100,17620
74,2400,-72,17528
75,2560,-140,17612
76,2488,0,17624
77,2548,-68,17676
78,2496,-84,17604
79,2496,-84,17604
80,2524,-144,17588
81,2580,-76,17604
82,2572,-68,17528
83,2600,-112,17520
84,2636,-140,17512
85,2560,-48,17460
86,2464,-224,17576
87,2504,-176,17540
88,2396,-160,17564
89,2476,-64,17448
90,2476,-64,17448
91,2540,-80,17556
92,2560,-212,17668
93,2600,-216,17616
94,2544,-132,17568
95,2484,-8,17532
96,2468,-128,17608
97,2452,-68,17608
98,2472,-68,17692
99,2544,-132,17532
100,2556,-104,17452
101,2556,-104,17452
102,2532,-8,17568
103,2540,-200,17644
104,2512,-108,17592
105,2500,-208,17444
106,2480,-96,17484
107,2484,-220,17520
108,2504,-160,17516
109,2500,-80,17536
110,2460,-128,17616
111,2584,-92,17436
112,2584,-92,17436
113,2624,-44,17616
114,2624,-148,17488
115,2552,-120,17532
116,2448,-140,17632
117,2492,-156,17532
118,2456,-76,17628
119,2444,-116,17512
120,2580,-4,17364
121,2424,-16,17540
122,2456,-88,17440
123,2456,-88,17440
124,2432,-164,17608
125,2496,-72,17672
126,2560,-208,17596
127,2548,-152,17796
128,2588,-124,17788
129,2564,-120,17628
130,2424,-100,17708
131,2448,-32,17596
132,2496,-124,17532
133,2484,-104,17624
134,2484,-104,17624
135,2568,-172,17588
136,2568,-44,17560
137,2592,-164,17740
138,2544,-72,17600
139,2496,-204,17588
140,2472,-160,17592
141,2568,-144,17544
142,2532,-164,17588
143,2564,-96,17520
144,2544,-92,17520
145,2544,-92,17520
146,2532,-188,17500
147,2512,-224,17460
148,2528,-124,17568
149,2556,-148,17532
150,2524,-88,17544
151,2500,-24,17500
152,2532,-128,17632
153,2408,-168,17568
154,2428,-76,17608
155,2428,-76,17608
156,2564,-140,17548
157,2632,-112,17520
158,2652,-152,17576
159,2552,-60,17596
160,2492,-88,17596
161,2520,-88,17516
162,2608,-136,17452
163,2564,-60,17476
164,2440,-140,17672
165,2428,-56,17664
166,2428,-56,17664
167,2492,-92,17584
168,2460,-76,17620
169,2552,-96,17532
170,2504,-100,17584
171,2444,-208,17656
172,2464,-156,17592
173,2552,-208,17696
174,2576,-96,17528
175,2604,-120,17616
176,2584,-108,17572
177,2584,-108,17572
178,2552,-104,17368
179,2524,-104,17460
180,2548,-76,17532
181,2644,-76,17512
182,2524,-88,17608
183,2444,-108,17644
184,2496,-124,17560
185,2500,-104,17576
186,2536,-36,17668
187,2516,-88,17528
188,2516,-88,17528
189,2588,-24,17580
190,2584,-136,17504
191,2640,-120,17320
192,2556,-148,17484
193,2580,-148,17508
194,2620,-192,17528
195,2560,-176,17716
196,2564,-152,17736
197,2576,-124,17744
198,2532,-204,17612
199,2532,-204,17612
200,2532,-148,17476
201,2592,-72,17456
202,2588,-116,17412
203,2548,-136,17460
204,2524,-128,17692
205,2508,-196,17620
206,2540,-164,17532
207,2464,-100,17540
208,2436,-52,17476
209,2612,-132,17532
210,2612,-132,17532
211,2536,-100,17540
212,2604,-32,17584
213,2604,-160,17500
214,2524,-96,17428
215,2520,-208,17652
216,2572,-164,17600
217,2552,-108,17684
218,2532,-32,17636
219,2424,-80,17664
220,2552,-44,17560
221,2552,-44,17560
222,2576,-224,17528
223,2560,-128,17532
224,2548,-144,17484
225,2576,-160,17444
226,2428,-180,17480
227,2396,-52,17520
228,2500,-96,17704
229,2556,-176,17660
230,2436,-164,17548
231,2500,-152,17492
232,2500,-152,17492
233,2604,-48,17548
234,2508,-48,17552
235,2448,-40,17664
236,2552,-152,17632
237,2656,-144,17616
238,2460,-236,17632
239,2548,-220,17572
240,2580,-88,17664
241,2516,-68,17616
242,2596,-128,17632
243,2596,-128,17632
244,2548,-172,17516
245,2500,-184,17552
246,2440,-80,17776
247,2476,-132,17732
248,2440,-64,17584
249,2484,-104,17516
250,2564,-76,17540
251,2540,-100,17676
252,2568,-100,17624
253,2568,-100,17624
254,2548,-192,17604
255,2532,-172,17736
256,2528,-120,17540
257,2484,-172,17512
258,2600,-168,17520
259,2556,-64,17572
260,2540,-100,17636
261,2572,-164,17536
262,2552,-108,17468
263,2556,-92,17592
264,2556,-92,17592
265,2500,52,17504
266,2500,-84,17568
267,2496,-36,17548
268,2520,-124,17688
269,2600,-124,17588
270,2556,-140,17628
271,2416,-200,17600
272,2452,-184,17480
273,2568,-96,17536
274,2512,-152,17600
275,2512,-152,17600
276,2556,-140,17692
277,2592,-232,17620
278,2596,-168,17560
279,2640,-196,17524
280,2584,-192,17580
281,2520,-324,17652
282,2532,-144,17632
283,2576,-48,17540
284,2604,-24,17524
285,2556,-84,17648
286,2556,-84,17648
287,2540,-96,17672
288,2548,-104,17648
289,2552,-172,17568
290,2556,-56,17576
291,2532,-132,17680
292,2444,-96,17588
293,2544,-136,17708
294,2524,-140,17800
295,2480,-144,17636
296,2572,-28,17564
297,2572,-28,17564
298,2508,-116,17488
299,2448,-32,17448
300,2448,-32,17504
301,2548,-24,17512
302,2572,-112,17548
303,2556,-120,17500
304,2496,-140,17512
305,2552,-104,17648
306,2552,-68,17544
307,2576,-80,17628
308,2576,-80,17628
309,2504,-132,17620
310,2476,-8,17620
311,2488,-76,17552
312,2724,-32,17568
313,2620,-48,17460
314,2468,-68,17676
315,2544,-92,17708
316,2604,-88,17528
317,2628,-140,17576
318,2600,-188,17492
319,2600,-188,17492
320,2528,-252,17496
321,2528,-224,17384
322,2548,-112,17436
323,2592,-212,17628
324,2624,-176,17536
325,2596,-168,17632
326,2564,-104,17680
327,2524,-140,17604
328,2536,-112,17480
329,2512,-164,17436
330,2512,-164,17436
331,2420,0,17584
332,2404,72,17552
333,2448,52,17672
334,2552,40,17592
335,2388,40,17744
336,2400,-68,17736
337,2452,-44,17624
338,2540,-96,17548
339,2516,128,17560
340,2448,-72,17648
341,2448,-72,17648
342,2512,0,17592
343,2508,-120,17552
344,2540,-164,17560
345,2592,-292,17440
346,2588,-304,17320
347,2708,-292,17412
348,2760,-364,17436
349,2648,-276,17488
350,2608,-224,17640
351,2608,-224,17640
352,2544,-176,17708
353,2576,-280,17756
354,2576,-200,17656
355,2480,-240,17640
356,2516,-64,17672
357,2464,16,17608
358,2388,100,17620
359,2496,76,17516
360,2520,20,17488
361,2348,152,17648
362,2348,152,17648
363,2268,104,17652
364,2432,20,17560
365,2596,-4,17188
366,2592,-100,17328
367,2544,-184,17536
368,2688,-400,17532
369,2924,-436,17240
370,2948,-524,17020
371,2796,-496,17428
372,2644,-316,17748
373,2644,-316,17748
374,2552,-308,17848
375,2516,-188,17768
376,2484,-312,17704
377,2428,-140,17832
378,2416,-40,17764
379,2428,96,17496
380,2412,136,17552
381,2448,328,17420
382,2188,200,17636
383,2056,360,17884
384,2056,360,17884
385,2212,268,17588
386,2448,192,17468
387,2568,80,17432
388,2668,-344,17652
389,2900,-812,17576
390,3252,-744,16916
391,3284,-640,16856
392,2968,-544,17300
393,2564,-520,17720
394,2380,-312,18012
395,2380,-312,18012
396,2396,-232,17908
397,2348,-64,17896
398,2332,236,17744
399,2308,264,17556
400,2380,292,17232
401,2256,408,17164
402,1976,396,17696
403,1808,608,18032
404,2040,480,17732
405,2436,140,17504
406,2436,140,17504
407,2716,-444,17620
408,3096,-1120,17688
409,3588,-1204,16824
410,3672,-900,16404
411,3208,-736,16872
412,2644,-576,17896
413,2196,-300,18604
414,2028,-52,18420
415,2096,280,18048
416,2164,552,17696
417,2164,552,17696
418,2436,576,17020
419,2400,692,16968
420,1908,472,17676
421,1468,788,18552
422,1592,616,18096
423,2172,248,17768
424,2816,-464,17616
425,3420,-1564,17636
426,4108,-1884,16444
427,4172,-1288,15676
428,4172,-1288,15676
429,3484,-816,16644
430,2656,-616,18088
431,2040,-260,18992
432,1896,240,18760
433,1852,416,18100
434,2076,828,17284
435,2312,1104,16588
436,2200,820,16376
437,1420,1180,18008
438,976,880,18788
439,976,880,18788
440,1512,424,18800
441,2536,-560,17944
442,3972,-1688,16892
443,4884,-2384,15700
444,4720,-1772,15376
445,3764,-1056,16612
446,2608,-696,18744
447,1868,-136,19392
448,1660,476,18660
449,1768,748,18056
450,1768,748,18056
451,1952,1332,17124
452,1972,1516,16192
453,1612,1204,16972
454,996,1532,18220
455,652,888,19480
456,1460,-432,20040
457,3460,-1760,18184
458,5616,-2728,15096
459,5932,-2356,13724
460,5932,-2356,13724
461,4592,-1712,15584
462,2956,-1096,18756
463,1812,-40,19956
464,1556,616,18636
465,1588,1044,17668
466,1744,1668,17000
467,1480,1704,15928
468,1188,1948,16968
469,772,1808,17968
470,556,1052,19888
471,556,1052,19888
472,1212,-908,21064
473,3924,-2692,18600
474,6452,-3264,13848
475,6612,-2556,12320
476,4500,-1996,16208
477,2424,-744,20068
478,1556,244,19804
479,1632,804,18352
480,1436,1560,17404
481,1112,2240,16200
482,1112,2240,16200
483,792,2216,16312
484,876,2252,17240
485,684,1484,19052
486,504,-152,22052
487,2660,-2716,20996
488,5992,-3932,15184
489,7664,-2976,10748
490,5520,-2432,14268
491,3036,-952,19632
492,1836,428,20304
493,1836,428,20304
494,1664,816,18408
495,1344,1896,17396
496,432,2528,16664
497,60,3156,16652
498,532,2356,17196
499,892,1360,19152
500,512,-580,22612
501,2528,-3428,21724
502,6640,-4280,14160
503,7984,-3116,9736
504,7984,-3116,9736
505,5272,-1992,14852
506,2764,116,20004
507,1692,488,19992
508,2108,904,17548
509,952,1916,17324
510,-24,2840,17252
511,12,2540,17360
512,1232,1780,17484
513,1476,704,19324
514,1096,-1024,21888
515,1096,-1024,21888
516,3552,-3348,19972
517,6780,-3416,12984
518,7256,-2448,10908
519,4568,-1632,16200
520,2320,-356,20004
521,1424,-80,19768
522,1572,916,18380
523,972,1724,17976
524,1032,1792,16948
525,1168,1956,17364
526,1168,1956,17364
527,1460,1508,17132
528,956,1220,18476
529,1052,-160,20672
530,2516,-1780,19852
531,5016,-2724,15868
532,6444,-2388,12676
533,5412,-1868,13996
534,3316,-1264,17636
535,1860,-268,19712
536,1412,344,18904
537,1412,344,18904
538,1276,836,18404
539,1464,1216,18164
540,1628,1268,17452
541,2008,1052,16920
542,1776,860,17544
543,1484,796,18356
544,1572,64,18880
545,2368,-576,18408
546,3640,-1044,16848
547,4324,-1716,16148
548,4324,-1716,16148
549,4376,-1624,15792
550,3728,-1072,16456
551,3060,-556,17420
552,2340,-212,18292
553,1740,108,18724
554,1700,404,18152
555,1952,472,17864
556,2088,568,17648
557,2268,356,17264
558,2476,152,17228
559,2476,152,17228
560,2396,128,17704
561,2180,56,18124
562,2268,108,18020
563,2592,84,17244
564,2852,-164,17032
565,2900,-336,17428
566,2752,-472,17764
567,2760,-472,17640
568,2896,-364,17104
569,2896,-364,17104
570,2908,-264,17148
571,2724,-316,17540
572,2448,-220,17888
573,2424,-144,17868
574,2400,-112,17684
575,2444,-160,17500
576,2484,-132,17608
577,2460,-140,17724
578,2416,52,17620
579,2304,56,17608
580,2304,56,17608
581,2436,204,17640
582,2440,164,17576
583,2420,60,17572
584,2380,-4,17632
585,2464,8,17648
586,2448,-76,17484
587,2588,-120,17380
588,2600,-244,17500
589,2708,-264,17480
590,2604,-208,17568
591,2604,-208,17568
592,2632,-172,17516
593,2572,-204,17364
594,2484,-228,17528
595,2608,-136,17704
596,2580,-120,17560
597,2564,-200,17652
598,2572,-228,17740
599,2476,-108,17632
600,2504,-120,17576
601,2420,-36,17548
602,2420,-36,17548
603,2508,-112,17600
604,2600,-112,17608
605,2516,-112,17516
606,2624,-8,17528
607,2536,-48,17612
608,2516,-12,17628
609,2512,20,17556
610,2536,-36,17476
611,2408,-148,17604
612,2456,-160,17588
613,2456,-160,17588
614,2496,-120,17384
615,2516,-40,17544
616,2432,-12,17536
617,2460,0,17476
618,2456,-24,17544
619,2472,48,17608
620,2440,-16,17556
621,2480,4,17512
622,2468,-28,17628
623,2428,-100,17736
624,2428,-100,17736
625,2544,-240,17504
626,2640,-216,17444
627,2636,-236,17412
628,2600,-232,17368
629,2728,-196,17668
630,2656,-252,17620
631,2568,-204,17508
632,2560,-256,17476
633,2492,-224,17688
634,2508,-232,17620
635,2508,-232,17620
636,2520,-132,17596
637,2612,-112,17448
638,2524,-16,17544
639,2368,8,17560
640,2320,84,17672
641,2524,-8,17564
642,2496,32,17568
643,2312,20,17644
644,2300,8,17704
645,2560,64,17584
646,2560,64,17584
647,2588,-16,17448
648,2480,-152,17720
649,2408,-80,17608
650,2524,-136,17536
651,2632,-248,17440
652,2664,-296,17436
653,2684,-328,17412
654,2688,-376,17488
655,2636,-352,17508
656,2600,-272,17712
657,2600,-272,17712
658,2524,-276,17568
659,2536,-228,17656
660,2564,-228,17612
661,2424,-132,17632
662,2476,-16,17536
663,2540,16,17484
664,2528,64,17636
665,2400,172,17716
666,2400,112,17512
667,2400,112,17512
668,2264,264,17672
669,2224,236,17740
670,2332,240,17636
671,2536,52,17416
672,2488,-92,17480
673,2508,-264,17772
674,2628,-348,17640
675,2900,-480,17208
676,3076,-496,16984
677,2956,-388,17292
678,2956,-388,17292
679,2752,-348,17756
680,2600,-292,17896
681,2504,-152,17880
682,2544,-200,17696
683,2368,-76,17760
684,2280,84,17708
685,2388,156,17504
686,2388,248,17436
687,2444,284,17320
688,2100,236,17620
689,2100,236,17620
690,1960,420,17896
691,2020,300,17576
692,2272,104,17348
693,2564,-160,17436
694,2796,-608,17708
695,3004,-892,17636
696,3356,-836,16776
697,3328,-676,16644
698,2932,-632,17404
699,2408,-428,18132
700,2408,-428,18132
701,2344,-236,18228
702,2272,-184,18156
703,2340,152,17800
704,2288,272,17680
705,2360,276,17332
706,2448,444,17000
707,2092,412,17220
708,1844,648,18120
709,1840,532,18088
710,2232,288,17768
711,2232,288,17768
712,2680,-184,17488
713,3028,-920,17664
714,3436,-1356,17476
715,3908,-1204,16252
716,3712,-764,16316
717,2944,-640,17552
718,2280,-376,18532
719,2068,-188,18764
720,2080,60,18284
721,2148,412,17844
722,2148,412,17844
723,2224,636,17292
724,2376,856,16876
725,2188,780,17052
726,1524,868,18152
727,1468,712,18272
728,1940,440,17876
729,2728,-284,17492
730,3424,-1360,17504
731,4068,-1968,16644
732,4312,-1632,15628
733,4312,-1632,15628
734,3836,-848,16296
735,2896,-600,17848
736,2068,-408,19072
737,1896,268,18768
738,1708,532,18240
739,1956,844,17444
740,1996,1184,16744
741,2088,1036,16348
742,1504,1188,17760
743,1044,1020,18780
744,1044,1020,18780
745,1368,428,19136
746,2460,-680,18204
747,3948,-1728,17032
748,4908,-2400,15508
749,4852,-1856,15260
750,3928,-1192,16560
751,2664,-728,18552
752,1940,-88,19368
753,1684,680,18528
754,1708,808,17788
755,1708,808,17788
756,1796,1236,17084
757,1892,1604,16208
758,1608,1272,16836
759,1120,1612,18084
760,752,940,19544
761,1552,-456,20056
762,3492,-1964,18276
763,5484,-2856,15028
764,5960,-2356,13600
765,5960,-2356,13600
766,4584,-1792,15640
767,2932,-1056,18852
768,1880,-68,19892
769,1420,736,18804
770,1564,1104,17976
771,1632,1844,17128
772,1500,1744,15896
773,1196,1960,16984
774,972,1708,18056
775,584,988,20236
776,584,988,20236
777,1272,-1060,21152
778,4112,-2976,18180
779,6540,-3236,13292
780,6560,-2396,12512
781,4224,-1876,16716
782,2436,-600,19928
783,1516,496,19632
784,1516,1016,18204
785,1140,1852,17460
786,1072,2292,16148
787,1072,2292,16148
788,740,2276,16600
789,792,2116,17372
790,532,1492,19472
791,472,-500,22288
792,2936,-2976,20552
793,6516,-3888,14404
794,7612,-2796,10776
795,5244,-2164,15044
796,2884,-652,19804
797,1628,476,20180
798,1628,476,20180
799,1712,884,18248
800,1240,1996,17284
801,560,2528,16340
802,160,3120,16860
803,628,2196,17260
804,860,1276,19420
805,600,-768,22664
806,3116,-3620,21000
807,7172,-4076,13224
808,7812,-3064,10212
809,7812,-3064,10212
810,5012,-1944,15700
811,2668,196,20108
812,1676,436,19828
813,1856,1128,17668
814,836,2280,16880
815,-72,3388,16816
816,-256,3088,17188
817,856,1780,18064
818,764,220,21304
819,1208,-2516,23232
820,1208,-2516,23232
821,4988,-4476,18056
822,8040,-3676,10268
823,6536,-2780,12188
824,3824,-456,18352
825,1728,652,20556
826,2112,640,18148
827,1348,1852,16804
828,-120,3400,16980
829,-924,3528,17316
830,184,2204,17872
831,184,2204,17872
832,1156,392,20388
833,1148,-2064,23208
834,4096,-4344,19724
835,7800,-3872,11300
836,7160,-3052,11240
837,4356,-560,17232
838,2060,1080,20096
839,2160,456,18272
840,1364,1744,16948
841,-320,3504,17108
842,-320,3504,17108
843,-1296,3648,17548
844,-12,2176,18256
845,1348,44,20612
846,1360,-2444,23144
847,4336,-4396,19184
848,7952,-3780,11024
849,6848,-3020,11640
850,4220,-212,17564
851,2084,1204,19656
852,2312,408,17600
853,2312,408,17600
854,1044,1880,17208
855,-668,3928,17328
856,-1380,3656,17796
857,276,1664,18688
858,1536,-832,21596
859,2084,-3556,22872
860,5508,-4300,16588
861,7832,-3648,10448
862,5952,-2444,13692
863,3676,1024,18400
864,3676,1024,18400
865,1992,1140,18964
866,2368,556,16864
867,404,2860,17416
868,-1368,4116,17428
869,-1252,3128,18396
870,1132,388,19836
871,1872,-2392,22848
872,3564,-4604,20784
873,7276,-3812,12596
874,7276,-3812,12596
875,6968,-3104,11376
876,4432,-644,16720
877,2656,1908,18780
878,2364,584,17360
879,1356,1524,17044
880,-828,4104,17552
881,-1872,3764,18164
882,-124,1576,19292
883,1840,-1452,21924
884,2772,-4448,22252
885,2772,-4448,22252
886,6020,-4332,15512
887,7492,-3432,11092
888,5336,-1780,15160
889,3308,1964,17988
890,2048,1488,17540
891,2196,400,16704
892,-128,3448,17980
893,-1828,3608,18524
894,-892,2400,19036
895,1912,-304,20180
896,1912,-304,20180
897,2620,-3020,21752
898,4552,-4248,18424
899,7140,-2988,11940
900,6160,-2332,12832
901,4064,52,17436
902,2340,960,18460
903,1972,20,17868
904,836,1976,18460
905,-448,2904,17964
906,-596,3108,17672
907,-596,3108,17672
908,1160,1640,17600
909,2000,-152,19760
910,1564,-2176,22156
911,4016,-3456,18612
912,7004,-2736,12072
913,6432,-2112,12280
914,4116,-792,17060
915,1896,8,19924
916,1672,92,18928
917,1080,1344,18560
918,1080,1344,18560
919,856,2044,17304
920,632,2092,17096
921,1228,1996,16880
922,1268,1360,17628
923,792,564,20412
924,1568,-1364,21212
925,4248,-2912,17724
926,6628,-2512,12812
927,6332,-1892,12672
928,4092,-1460,16980
929,4092,-1460,16980
930,2180,-440,20008
931,1532,144,19464
932,1380,832,18508
933,1308,1416,18156
934,1364,1520,17328
935,1680,1308,16940
936,1612,1180,17264
937,1204,1112,18316
938,1184,396,19544
939,2304,-804,19160
940,2304,-804,19160
941,3912,-1628,16964
942,5108,-2072,15156
943,4904,-1832,14920
944,3724,-1124,16396
945,2756,-504,17960
946,1968,-132,18776
947,1644,360,18872
948,1660,688,18428
949,1820,712,18048
950,2160,752,17332
951,2160,752,17332
952,2268,624,16952
953,2244,424,17460
954,2016,176,18220
955,2044,36,18204
956,2484,-12,17476
957,2980,-200,16956
958,3108,-572,17076
959,2992,-948,17504
960,3108,-824,17188
961,3104,-480,16756
962,3104,-480,16756
963,2728,-300,17212
964,2436,-320,17984
965,2152,-160,18192
966,2204,12,18092
967,2460,68,17656
968,2464,-96,17548
969,2464,16,17604
970,2488,-100,17656
971,2384,-140,17752
972,2384,-140,17752
973,2288,132,17664
974,2328,124,17524
975,2284,24,17600
976,2400,20,17500
977,2516,-8,17536
978,2504,-48,17564
979,2608,-48,17396
980,2628,-168,17400
981,2720,-284,17348
982,2788,-348,17220
983,2788,-348,17220
984,2804,-364,17428
985,2720,-316,17520
986,2600,-304,17488
987,2680,-256,17576
988,2536,-168,17640
989,2436,-172,17768
990,2520,-188,17740
991,2516,-144,17584
992,2536,-112,17636
993,2556,-40,17544
994,2556,-40,17544
995,2476,-80,17540
996,2464,-76,17500
997,2400,-144,17584
998,2616,-96,17640
999,2680,-136,17488
1000,2628,-160,17640
1001,2508,-52,17652
1002,2520,28,17544
1003,2540,32,17560
1004,2552,-28,17472
1005,2552,-28,17472
1006,2504,-60,17392
1007,2572,-16,17596
1008,2524,-92,17652
1009,2504,-160,17476
1010,2572,-280,17500
1011,2536,-276,17440
1012,2560,-288,17456
1013,2688,-216,17268
1014,2660,-316,17368
1015,2520,-228,17684
1016,2520,-228,17684
1017,2444,-360,17932
1018,2552,-336,17724
1019,2612,-172,17600
1020,2528,-204,17776
1021,2436,-220,17756
1022,2476,-132,17692
1023,2528,56,17468
1024,2452,76,17544
1025,2372,104,17472
1026,2452,36,17480
1027,2452,36,17480
1028,2260,80,17724
1029,2252,148,17652
1030,2416,96,17424
1031,2472,36,17476
1032,2496,-80,17412
1033,2516,-244,17620
1034,2552,-360,17552
1035,2772,-400,17508
1036,2860,-376,17292
1037,2872,-480,17304
1038,2872,-480,17304
1039,2632,-308,17528
1040,2568,-220,17640
1041,2524,-192,17716
1042,2548,-140,17624
1043,2548,-112,17828
1044,2504,-176,18028
1045,2508,48,17744
1046,2496,120,17320
1047,2356,164,17592
1048,2280,236,17568
1049,2280,236,17568
1050,2120,172,17684
1051,2124,340,17928
1052,2184,284,17576
1053,2408,156,17684
1054,2604,56,17516
1055,2636,-364,17824
1056,2844,-604,17704
1057,3164,-728,17056
1058,3220,-636,16704
1059,3044,-460,17164
1060,3044,-460,17164
1061,2780,-400,17820
1062,2532,-176,18068
1063,2424,-152,17932
1064,2340,-64,17988
1065,2356,48,17812
1066,2396,252,17656
1067,2320,300,17704
1068,2296,444,17412
1069,2220,364,17340
1070,2016,476,17988
1071,2016,476,17988
1072,2100,364,17744
1073,2388,264,17456
1074,2548,-188,17468
1075,2884,-668,17696
1076,3252,-972,17316
1077,3600,-940,16596
1078,3348,-768,16664
1079,2920,-520,17500
1080,2496,-404,18140
1081,2496,-404,18140
1082,2284,-376,18312
1083,2224,44,18268
1084,2244,412,17952
1085,2208,524,17672
1086,2324,456,17052
1087,2320,668,17060
1088,1932,516,17752
1089,1656,720,18216
1090,1848,448,17884
1091,2296,-8,17608
1092,2296,-8,17608
1093,2852,-752,17620
1094,3484,-1492,17324
1095,3988,-1460,16236
1096,3840,-956,16236
1097,3364,-712,17008
1098,2620,-556,18132
1099,2060,-276,18932
1100,1856,232,18592
1101,2044,496,17940
1102,2336,700,17240
1103,2336,700,17240
1104,2360,952,16720
1105,2072,744,17028
1106,1392,892,18404
1107,1296,624,18708
1108,1864,260,18392
1109,2808,-632,17652
1110,3800,-1676,17128
1111,4488,-1972,15988
1112,4316,-1480,15736
1113,3604,-848,16680
1114,3604,-848,16680
1115,2632,-652,18380
1116,1888,-128,19212
1117,1632,460,18572
1118,1768,752,17964
1119,1896,1120,17380
1120,2056,1352,16300
1121,1812,888,16656
1122,1344,1524,18132
1123,884,780,19296
1124,1648,-244,19608
1125,1648,-244,19608
1126,3276,-1500,17968
1127,4952,-2452,15564
1128,5456,-2248,14476
1129,4496,-1576,15800
1130,3092,-1168,18088
1131,2028,-308,19684
1132,1456,604,19100
1133,1544,928,18272
1134,1772,1308,17388
1135,1848,1780,16136
1136,1848,1780,16136
1137,1540,1260,16432
1138,1056,1972,17836
1139,576,1064,19480
1140,1032,-384,20700
1141,3292,-2216,18900
1142,5680,-3096,15076
1143,6448,-2480,12920
1144,5104,-1960,15124
1145,3096,-1108,18992
1146,1780,-4,20184
1147,1780,-4,20184
1148,1296,760,18964
1149,1304,1180,18028
1150,1480,2048,16820
1151,1352,1888,15720
1152,1096,2284,16904
1153,792,1644,18056
1154,424,888,20728
1155,1484,-1684,21668
1156,4692,-3540,17528
1157,7140,-3108,12108
1158,7140,-3108,12108
1159,6612,-2448,12444
1160,4064,-1712,17412
1161,2116,-164,20488
1162,1496,400,19380
1163,1324,1024,18236
1164,1204,2264,16856
1165,672,2288,16252
1166,640,2808,16880
1167,792,1920,17676
1168,564,984,20500
1169,564,984,20500
1170,976,-1668,22928
1171,4384,-4088,18948
1172,7752,-3560,11496
1173,7152,-2696,11488
1174,4304,-1596,17304
1175,2056,116,20756
1176,1788,392,19172
1177,1396,1440,17760
1178,808,2524,16728
1179,808,2524,16728
1180,-40,3040,16732
1181,200,2716,17064
1182,900,1480,18152
1183,592,44,21660
1184,1548,-2792,23024
1185,5620,-4420,16748
1186,8332,-3388,9784
1187,6312,-2432,12988
1188,3452,-324,18920
1189,1480,364,20732
1190,1480,364,20732
1191,1856,832,18232
1192,1288,2092,16896
1193,88,3348,16692
1194,-668,3424,17232
1195,416,2088,17820
1196,1184,504,20356
1197,1068,-1944,23472
1198,4096,-4408,19904
1199,7976,-3940,10912
1200,7348,-3052,10892
1201,7348,-3052,10892
1202,4480,-688,17236
1203,1768,744,20732
1204,2016,440,18460
1205,1448,1708,17060
1206,80,3480,16748
1207,-1152,3808,17524
1208,16,2224,18140
1209,1316,204,20336
1210,1236,-2228,23292
1211,3812,-4328,20164
1212,3812,-4328,20164
1213,7916,-3948,11376
1214,7216,-3152,11080
1215,4476,-492,17048
1216,1888,1100,20172
1217,2172,528,18004
1218,1264,1648,17064
1219,-280,3820,16928
1220,-1404,3820,17716
1221,48,1992,18484
1222,1564,-440,20952
1223,1564,-440,20952
1224,1696,-3116,23248
1225,4756,-4364,18164
1226,8008,-3628,10396
1227,6524,-2720,12568
1228,3932,440,18080
1229,1944,1232,19568
1230,2228,580,17200
1231,780,2500,17148
1232,-868,4228,17380
1233,-1560,3352,18280
1234,-1560,3352,18280
1235,716,796,19172
1236,1696,-1720,22272
1237,2812,-4208,21944
1238,6584,-3960,14296
1239,7620,-3296,10704
1240,5280,-1352,15504
1241,2740,1800,18900
1242,2316,748,17660
1243,1804,928,16840
1244,-196,4016,17244
1245,-196,4016,17244
1246,-1856,4052,18100
1247,-708,1956,18836
1248,1540,-776,21164
1249,2340,-3688,22824
1250,5040,-4500,17536
1251,7836,-3340,10792
1252,6016,-2308,13460
1253,3688,1104,18032
1254,2332,1748,18072
1255,2400,244,16376
1256,2400,244,16376
1257,504,3096,17360
1258,-1708,4272,17988
1259,-1700,2844,19096
1260,1064,-192,20604
1261,2344,-3096,22688
1262,4356,-4976,19356
1263,7524,-3508,11880
1264,6460,-2732,12656
1265,4164,416,17416
1266,2484,2392,18108
1267,2484,2392,18108
1268,2760,396,15960
1269,1016,2300,17300
1270,-1272,4324,17860
1271,-2152,3244,19096
1272,368,12,20556
1273,2364,-2888,22668
1274,4284,-5064,19984
1275,7072,-3368,12360
1276,6332,-2544,12200
1277,4116,28,17068
1278,4116,28,17068
1279,2640,2200,17960
1280,2768,220,16040
1281,1088,1716,17684
1282,-1068,3800,18328
1283,-1996,3252,19260
1284,616,944,19048
1285,2464,-1544,20652
1286,3180,-3880,20812
1287,5724,-3384,15556
1288,5724,-3384,15556
1289,6828,-2832,11620
1290,5136,-1516,15188
1291,3268,944,18296
1292,2020,320,18168
1293,1632,684,18040
1294,236,2624,18220
1295,-700,2920,17724
1296,-52,2628,17624
1297,2004,804,17764
1298,1588,-680,21128
1299,1588,-680,21128
1300,1952,-2752,21772
1301,5368,-3432,15972
1302,7336,-2532,11076
1303,5612,-1756,14028
1304,3008,-360,18872
1305,1660,-128,19964
1306,1496,360,18848
1307,1076,1864,18060
1308,748,1928,16968
1309,996,2052,17308
1310,996,2052,17308
1311,1436,1544,17016
1312,1340,1324,18312
1313,744,68,21088
1314,2240,-1924,20536
1315,4896,-2908,16212
1316,6628,-2216,12260
1317,5668,-1824,13640
1318,3336,-1364,18120
1319,1848,-372,20148
1320,1624,336,18884
1321,1624,336,18884
1322,1344,948,18344
1323,1208,1524,18020
1324,1432,1416,17180
1325,1752,1212,16828
1326,1724,1216,17312
1327,1332,1044,18568
1328,1308,164,19724
1329,2572,-968,18412
1330,4040,-1640,16516
1331,4816,-2024,15044
1332,4816,-2024,15044
1333,4700,-1668,15204
1334,3664,-1040,16732
1335,2656,-356,18064
1336,1932,56,18788
1337,1644,316,18856
1338,1620,564,18240
1339,1936,732,17872
1340,2288,756,17168
1341,2372,472,17088
1342,2324,172,17564
1343,2324,172,17564
1344,2080,28,18228
1345,2092,28,18028
1346,2532,136,17392
1347,2956,-176,17004
1348,3048,-504,17232
1349,2948,-944,17664
1350,3064,-784,17380
1351,2940,-476,17044
1352,2736,-264,17324
1353,2536,-272,17856
1354,2536,-272,17856
1355,2316,-212,18100
1356,2280,-80,18084
1357,2420,-72,17680
1358,2528,-12,17552
1359,2452,60,17688
1360,2440,-88,17632
1361,2396,-96,17708
1362,2352,88,17680
1363,2424,152,17496
1364,2412,92,17496
1365,2412,92,17496
1366,2484,128,17416
1367,2512,-52,17500
1368,2444,-36,17596
1369,2528,-144,17640
1370,2572,-288,17680
1371,2576,-356,17480
1372,2744,-404,17268
1373,2680,-324,17448
1374,2680,-272,17604
1375,2596,-136,17620
1376,2596,-136,17620
1377,2600,-152,17540
1378,2540,-56,17520
1379,2456,-104,17796
1380,2484,-76,17712
1381,2360,-128,17524
1382,2476,-100,17524
1383,2456,-56,17616
1384,2384,40,17604
1385,2528,-132,17520
1386,2528,-132,17520
1387,2612,-28,17416
1388,2540,-84,17528
1389,2472,-4,17692
1390,2476,-72,17504
1391,2416,72,17708
1392,2428,76,17804
1393,2424,20,17656
1394,2452,-4,17540
1395,2504,52,17408
1396,2584,-120,17492
1397,2584,-120,17492
1398,2436,-192,17492
1399,2520,-240,17512
1400,2708,-236,17424
1401,2716,-192,17348
1402,2804,-332,17440
1403,2776,-296,17392
1404,2632,-256,17560
1405,2628,-136,17672
1406,2520,-132,17788
1407,2432,-92,17664
1408,2432,-92,17664
1409,2404,-144,17620
1410,2484,-180,17676
1411,2504,-128,17584
1412,2516,76,17552
1413,2408,-4,17512
1414,2308,108,17628
1415,2372,76,17508
1416,2220,168,17664
1417,2232,228,17644
1418,2408,256,17732
1419,2408,256,17732
1420,2496,64,17488
1421,2532,-28,17516
1422,2504,-312,17900
1423,2724,-396,17564
1424,2864,-524,17164
1425,3000,-452,17036
1426,2872,-404,17196
1427,2620,-360,17648
1428,2596,-288,17796
1429,2552,-244,17664
1430,2552,-244,17664
1431,2516,-252,17732
1432,2332,-208,17816
1433,2416,0,17640
1434,2472,12,17576
1435,2436,184,17496
1436,2384,184,17368
1437,2168,140,17628
1438,1996,416,17956
1439,2088,452,17664
1440,2320,232,17404
1441,2320,232,17404
1442,2500,-12,17576
1443,2592,-460,17772
1444,2900,-684,17652
1445,3328,-768,16988
1446,3300,-676,16692
1447,2988,-600,17200
1448,2624,-424,17892
1449,2400,-240,18072
1450,2372,-260,18112
1451,2436,-28,18052
1452,2436,-28,18052
1453,2420,184,17716
1454,2256,368,17456
1455,2276,444,17252
1456,2280,532,17408
1457,1928,436,17960
1458,1884,576,18060
1459,2132,432,17528
1460,2512,52,17352
1461,2756,-484,17724
1462,3124,-1136,17832
1463,3124,-1136,17832
1464,3640,-1248,16776
1465,3672,-804,16316
1466,3236,-656,17112
1467,2768,-528,17956
1468,2288,-356,18588
1469,2072,-8,18480
1470,2040,376,18048
1471,2204,584,17392
1472,2312,616,17120
1473,2328,832,17044
1474,2328,832,17044
1475,1788,468,17728
1476,1420,952,18444
1477,1696,548,18192
1478,2340,96,17716
1479,2964,-784,17568
1480,3660,-1712,17352
1481,4160,-1784,16152
1482,3916,-1080,16136
1483,3316,-588,17036
1484,3316,-588,17036
1485,2568,-628,18584
1486,1960,-208,19108
1487,1792,384,18516
1488,1852,608,17916
1489,2100,920,17332
1490,2236,1204,16708
1491,2060,776,16804
1492,1408,1240,18132
1493,1076,688,18888
1494,1616,80,18816
1495,1616,80,18816
1496,2892,-928,17988
1497,4224,-2012,16564
1498,4912,-2260,15300
1499,4416,-1396,15712
1500,3400,-924,17160
1501,2472,-536,18860
1502,1740,248,19284
1503,1508,668,18364
1504,1772,964,17768
1505,1908,1416,16956
1506,1908,1416,16956
1507,1828,1292,15992
1508,1496,1372,17276
1509,1124,1332,18336
1510,816,560,19976
1511,1988,-980,19852
1512,4124,-2284,17340
1513,5720,-2704,14384
1514,5608,-2064,14136
1515,4020,-1544,16720
1516,2492,-872,19344
1517,2492,-872,19344
1518,1688,188,19444
1519,1520,940,18524
1520,1588,1356,17888
1521,1656,1976,16496
1522,1472,1508,15924
1523,1148,1984,17264
1524,716,1388,18292
1525,464,536,20832
1526,1920,-1680,20756
1527,4852,-3196,16776
1528,4852,-3196,16776
1529,6772,-2792,12768
1530,5952,-2324,13352
1531,3608,-1632,17812
1532,2008,-192,20368
1533,1596,644,19136
1534,1368,1112,18296
1535,1296,2072,17240
1536,1136,2248,16028
1537,992,2276,16820
1538,948,1796,17532
1539,948,1796,17532
1540,532,1164,19960
1541,756,-1048,22520
1542,3780,-3640,19240
1543,7068,-3596,12724
1544,7236,-2520,11340
1545,4540,-1876,16656
1546,2292,-448,20668
1547,1544,392,19704
1548,1500,1072,18104
1549,1144,2272,17008
1550,1144,2272,17008
1551,312,2488,16448
1552,276,2968,16984
1553,844,1876,17516
1554,824,952,20096
1555,752,-1428,23124
1556,3900,-4132,19532
1557,7640,-3708,11644
1558,7580,-2760,10652
1559,4512,-1420,16984
1560,1984,48,20844
1561,1984,48,20844
1562,1616,372,19220
1563,1580,1400,17496
1564,880,2428,16580
1565,-300,3264,16972
1566,-32,2752,17288
1567,1060,1324,18240
1568,840,-156,21892
1569,1700,-3024,23076
1570,5896,-4484,16236
1571,8352,-3444,9480
1572,8352,-3444,9480
1573,6312,-2288,13124
1574,3116,-16,19664
1575,1732,320,20304
1576,1848,932,17916
1577,1228,2132,16548
1578,-224,3588,16844
1579,-716,3408,17368
1580,612,1728,17956
1581,1352,-52,20904
1582,1300,-2640,23400
1583,1300,-2640,23400
1584,4696,-4460,18500
1585,8248,-3800,10300
1586,7088,-2828,11820
1587,3756,-4,18532
1588,1788,648,20112
1589,1900,652,18060
1590,1344,2028,16884
1591,-472,3820,17068
1592,-1152,3512,17780
1593,-1152,3512,17780
1594,452,1672,18228
1595,1556,-324,21124
1596,1664,-2964,23452
1597,4924,-4380,18032
1598,8124,-3780,10240
1599,6736,-2732,12316
1600,3560,208,18640
1601,1872,848,19344
1602,1940,616,17584
1603,936,2352,16964
1604,936,2352,16964
1605,-1068,4084,17300
1606,-1468,3396,18052
1607,660,1160,18748
1608,1640,-1140,22000
1609,2312,-3796,22656
1610,6140,-4060,15408
1611,7976,-3536,9912
1612,5788,-1812,14476
1613,2896,1240,19324
1614,2228,804,18188
1615,2228,804,18188
1616,1828,800,16956
1617,196,3552,17064
1618,-1624,4140,17776
1619,-816,2452,18420
1620,1356,-164,20024
1621,1964,-2748,22824
1622,4004,-4528,19860
1623,7608,-3540,11696
1624,6900,-3000,11744
1625,4152,-40,17748
1626,4152,-40,17748
1627,2372,1612,18688
1628,2316,424,16920
1629,1108,2156,17156
1630,-980,4308,17524
1631,-1876,3492,18624
1632,244,868,19556
1633,1944,-1816,22104
1634,3200,-4460,21688
1635,6608,-3916,14364
1636,7456,-3220,10932
1637,7456,-3220,10932
1638,4960,-1132,16024
1639,2736,1936,18532
1640,2576,984,16696
1641,1744,936,16808
1642,-340,4232,17480
1643,-2272,3856,18748
1644,-716,1616,19564
1645,1796,-1320,21488
1646,2912,-4148,21956
1647,5872,-4304,16020
1648,5872,-4304,16020
1649,7708,-3248,11020
1650,5508,-1728,15108
1651,3064,1800,18572
1652,2668,1688,16700
1653,2056,420,16404
1654,20,4028,17424
1655,-2244,4080,18952
1656,-1236,1920,19848
1657,1496,-1172,21496
1658,3092,-4244,21980
1659,3092,-4244,21980
1660,5968,-4496,16380
1661,7400,-3024,11148
1662,5240,-1760,15012
1663,3136,1652,18408
1664,2848,1632,16388
1665,2260,-24,16372
1666,164,3632,17976
1667,-2028,3404,19448
1668,-1092,2192,19588
1669,2100,-388,19788
1670,2100,-388,19788
1671,2896,-2916,20920
1672,4488,-4020,18572
1673,6860,-3016,12388
1674,6132,-2372,13036
1675,3988,64,17636
1676,2432,992,18136
1677,2096,112,17528
1678,880,2052,18388
1679,-456,2880,17928
1680,-776,2912,18200
1681,-776,2912,18200
1682,1184,1432,17392
1683,2108,-48,19184
1684,1652,-2012,21928
1685,3940,-3520,18808
1686,7040,-2816,11896
1687,6568,-2080,12132
1688,3848,-824,17244
1689,1968,-124,20000
1690,1676,32,19000
1691,1440,1372,18248
1692,1440,1372,18248
1693,792,2148,17108
1694,540,1984,17304
1695,1232,1872,17104
1696,1548,1268,17532
1697,932,600,20204
1698,1440,-1308,21300
1699,4196,-3012,17848
1700,6604,-2596,12572
1701,6260,-1900,12460
1702,6260,-1900,12460
1703,3952,-1468,17132
1704,2016,-384,20060
1705,1512,160,19344
1706,1600,812,18268
1707,1408,1464,17860
1708,1240,1552,17384
1709,1628,1204,16948
1710,1708,1136,17148
1711,1424,1136,18196
1712,1236,372,19676
1713,1236,372,19676
1714,2276,-792,19084
1715,3928,-1620,17028
1716,4996,-2104,15148
1717,5000,-1856,14784
1718,3860,-1120,16228
1719,2760,-416,18008
1720,2100,-260,19004
1721,1796,244,18728
1722,1524,608,18396
1723,1656,796,17948
1724,1656,796,17948
1725,2048,812,17360
1726,2184,648,17172
1727,2220,196,17584
1728,1912,128,18292
1729,2068,84,18192
1730,2416,24,17340
1731,2996,-340,16896
1732,3180,-628,17084
1733,3088,-952,17632
1734,3088,-852,17364
1735,3088,-852,17364
1736,3104,-440,16852
1737,2916,-236,17172
1738,2552,-272,17816
1739,2244,-244,18380
1740,2208,28,18156
1741,2400,-76,17588
1742,2508,28,17532
1743,2460,108,17524
1744,2452,28,17496
1745,2352,52,17812
1746,2352,52,17812
1747,2376,172,17768
1748,2344,104,17620
1749,2348,204,17708
1750,2496,56,17500
1751,2604,-76,17412
1752,2456,-160,17708
1753,2416,-224,17848
1754,2632,-292,17504
1755,2800,-220,17196
1756,2772,-436,17364
1757,2772,-436,17364
1758,2656,-380,17612
1759,2620,-364,17512
1760,2724,-276,17392
1761,2712,-176,17436
1762,2580,-228,17664
1763,2412,-160,17832
1764,2420,-172,17736
1765,2428,8,17548
1766,2504,0,17632
1767,2468,-12,17612
1768,2468,-12,17612
1769,2392,-96,17748
1770,2396,12,17716
1771,2516,92,17476
1772,2600,88,17664
1773,2508,28,17552
1774,2516,-68,17516
1775,2476,-76,17544
1776,2528,-20,17596
1777,2512,-100,17552
1778,2468,-24,17540
1779,2468,-24,17540
1780,2520,8,17520
1781,2552,-64,17556
1782,2480,-76,17564
1783,2532,-224,17620
1784,2596,-288,17644
1785,2724,-280,17460
1786,2824,-344,17448
1787,2712,-288,17444
1788,2688,-376,17712
1789,2568,-256,17696
1790,2568,-256,17696
1791,2516,-192,17612
1792,2532,-252,17644
1793,2448,-184,17756
1794,2512,-128,17604
1795,2504,24,17604
1796,2484,-72,17588
1797,2416,88,17744
1798,2400,20,17544
1799,2308,84,17424
1800,2308,84,17424
1801,2236,224,17524
1802,2312,144,17528
1803,2488,28,17512
1804,2388,-88,17336
1805,2532,-176,17500
1806,2600,-280,17660
1807,2708,-524,17576
1808,2980,-512,17060
1809,3032,-580,17004
1810,2788,-444,17296
1811,2788,-444,17296
1812,2652,-300,17540
1813,2592,-232,17784
1814,2592,-116,17788
1815,2516,-212,17740
1816,2344,-92,17908
1817,2360,124,17748
1818,2428,196,17528
1819,2476,228,17396
1820,2500,324,17364
1821,2224,252,17780
1822,2224,252,17780
1823,2064,400,17888
1824,2268,304,17512
1825,2400,96,17428
1826,2496,-212,17708
1827,2628,-540,17880
1828,2876,-828,17744
1829,3268,-728,16820
1830,3352,-616,16692
1831,3016,-560,17404
1832,2576,-520,17812
1833,2576,-520,17812
1834,2520,-372,18064
1835,2364,-248,18016
1836,2300,84,18016
1837,2328,252,17884
1838,2428,376,17440
1839,2312,504,17372
1840,2144,548,17328
1841,1848,400,17960
1842,1888,664,18196
1843,2244,416,17392
1844,2244,416,17392
1845,2516,40,17412
1846,2600,-648,17732
1847,3060,-1132,17892
1848,3736,-1168,16656
1849,3720,-780,16176
1850,3272,-652,17004
1851,2708,-512,18028
1852,2248,-264,18444
1853,2208,-100,18316
1854,2164,256,17924
1855,2164,256,17924
1856,2208,432,17412
1857,2388,772,16984
1858,2324,824,16996
1859,1824,456,17820
1860,1528,920,18420
1861,1716,644,18132
1862,2308,192,17468
1863,2888,-612,17560
1864,3468,-1604,17732
1865,4112,-1760,16312
1866,4112,-1760,16312
1867,4160,-1080,15824
1868,3428,-728,16872
1869,2656,-740,18288
1870,2052,-272,19000
1871,1892,304,18400
1872,1920,516,17960
1873,2132,832,17356
1874,2188,1100,16616
1875,2112,772,16588
1876,1564,1204,18004
1877,1564,1204,18004
1878,1084,720,18672
1879,1496,260,18728
1880,2720,-864,18040
1881,3964,-1840,17028
1882,4780,-2224,15660
1883,4612,-1612,15428
1884,3696,-864,16920
1885,2644,-760,18828
1886,1896,-76,19324
1887,1720,600,18312
1888,1720,600,18312
1889,1876,924,17828
1890,1916,1368,17208
1891,1904,1468,16328
1892,1680,1056,16916
1893,1356,1528,18000
1894,820,696,19436
1895,1556,-640,19932
1896,3636,-1968,17988
1897,5312,-2664,15016
1898,5312,-2664,15016
1899,5776,-2256,13944
1900,4484,-1660,16048
1901,2836,-1060,19032
1902,1820,-156,19828
1903,1540,808,18488
1904,1616,1156,17708
1905,1600,1696,17120
1906,1572,1696,16120
1907,1252,1704,17140
1908,972,1616,17900
1909,972,1616,17900
1910,552,908,19976
1911,1300,-1004,20948
1912,3940,-2816,18196
1913,6236,-3168,13696
1914,6480,-2396,12568
1915,4416,-1960,16340
1916,2424,-708,19964
1917,1580,368,19748
1918,1492,908,18344
1919,1420,1672,17436
1920,1420,1672,17436
1921,1224,2368,16300
1922,888,1912,16608
1923,1008,2312,17280
1924,692,1408,18988
1925,544,-124,22016
1926,2688,-2748,21084
1927,6064,-3820,15248
1928,7628,-2772,10968
1929,5652,-2252,14408
1930,2864,-940,19660
1931,2864,-940,19660
1932,1680,192,20276
1933,1644,840,18368
1934,1300,1848,17484
1935,772,2532,16316
1936,232,2552,16960
1937,664,2224,17144
1938,816,1400,18776
1939,496,-80,22300
1940,2332,-3132,21900
1941,6316,-4216,14920
1942,6316,-4216,14920
1943,8124,-2908,9876
1944,5772,-2020,14348
1945,2768,-456,20016
1946,1708,196,20108
1947,1820,996,18084
1948,1332,2212,16868
1949,164,2884,16568
1950,-236,3224,17252
1951,568,2036,17396
1952,1028,760,19792
1953,1028,760,19792
1954,840,-1496,23100
1955,3728,-4280,20144
1956,7816,-3932,11472
1957,7760,-2872,10352
1958,4432,-1080,16968
1959,1828,180,20788
1960,1700,332,18856
1961,1696,1656,17128
1962,528,3044,16648
1963,-800,3604,17196
1964,-800,3604,17196
1965,-92,2532,17768
1966,1204,988,18792
1967,980,-804,22544
1968,2420,-3716,22240
1969,6800,-4240,13940
1970,8160,-3380,9604
1971,5372,-1592,15244
1972,2376,512,20292
1973,1828,176,19048
1974,1892,1332,17212
1975,1892,1332,17212
1976,540,2944,16536
1977,-1096,3856,17252
1978,-572,2816,17904
1979,1200,852,18964
1980,1248,-1096,22528
1981,2520,-3824,22312
1982,6812,-4116,14000
1983,8084,-3468,9604
1984,5516,-1468,15324
1985,2572,916,19792
1986,2572,916,19792
1987,2028,260,18428
1988,1748,1216,17040
1989,332,3368,16956
1990,-1264,3924,17540
1991,-660,2500,18184
1992,1472,260,19604
1993,1596,-2076,22840
1994,3460,-4240,20880
1995,7460,-3936,12092
1996,7460,-3936,12092
1997,7496,-3244,10728
1998,4624,-436,16996
1999,2328,1304,19232
2000,2180,504,17604
2001,1456,1624,16940
2002,-460,4044,17128
2003,-1816,3700,18248
2004,-72,1576,18852
2005,1732,-740,21096
2006,2220,-3508,22872
2007,2220,-3508,22872
2008,5228,-4284,17348
2009,7892,-3464,10392
2010,6192,-2228,13500
2011,3256,1036,18748
2012,2288,1120,18052
2013,2124,492,16748
2014,600,3232,17228
2015,-1656,4128,17992
2016,-1444,2932,18920
2017,1104,184,19888
2018,1104,184,19888
2019,2168,-2592,22544
2020,3884,-4600,20248
2021,7384,-3604,12332
2022,6928,-2908,11832
2023,4184,-116,17544
2024,2540,1920,18228
2025,2484,472,16444
2026,1312,2052,17048
2027,-1100,4364,17924
2028,-2176,3480,19172
2029,-2176,3480,19172
2030,156,712,19844
2031,2140,-1964,21968
2032,3460,-4728,21244
2033,6740,-3996,14004
2034,7256,-3232,11212
2035,4668,-872,16544
2036,2860,2128,18256
2037,2728,952,16176
2038,1620,1088,16568
2039,-660,4352,17636
2040,-660,4352,17636
2041,-2444,3764,19196
2042,-676,1096,20076
2043,1948,-1840,21704
2044,3528,-4808,21532
2045,6596,-4100,14848
2046,7316,-2992,11204
2047,4876,-1096,16032
2048,3040,1968,18076
2049,2796,1080,16108
2050,1880,608,16832
2051,1880,608,16832
2052,-472,3844,18140
2053,-2252,3388,19712
2054,-544,1672,19484
2055,2324,-696,19920
2056,2996,-3280,21072
2057,4980,-3852,17568
2058,7052,-2964,11736
2059,5784,-2072,14144
2060,3540,480,18164
2061,2396,792,17672
2062,2396,792,17672
2063,1816,420,17676
2064,596,2364,18268
2065,-836,2808,18076
2066,-520,2832,18120
2067,1520,1112,17448
2068,2108,-272,19904
2069,1700,-2336,22084
2070,4324,-3528,17708
2071,7244,-2760,11312
2072,6228,-1960,12972
2073,6228,-1960,12972
2074,3564,-540,18156
2075,1992,-264,19848
2076,1736,232,18864
2077,1232,1744,18016
2078,532,2084,17156
2079,644,2184,17432
2080,1356,1720,17020
2081,1416,1336,17684
2082,860,436,20476
2083,1748,-1728,21000
2084,1748,-1728,21000
2085,4600,-2988,17188
2086,6800,-2472,12360
2087,5988,-1952,13164
2088,3576,-1388,17660
2089,1940,-468,20188
2090,1576,200,19140
2091,1544,924,18140
2092,1312,1492,17672
2093,1380,1508,17336
2094,1636,1184,16984
2095,1636,1184,16984
2096,1572,1164,17280
2097,1308,1040,18276
2098,1464,264,19620
2099,2532,-872,18852
2100,4040,-1668,16948
2101,5084,-2092,15076
2102,4868,-1720,14988
2103,3748,-920,16696
2104,2756,-340,18136
2105,2004,-176,18856
2106,2004,-176,18856
2107,1584,392,18588
2108,1576,704,18468
2109,1800,780,17932
2110,2136,764,17152
2111,2200,564,17124
2112,2196,220,17484
2113,1928,200,18288
2114,2012,108,18088
2115,2572,12,17208
2116,2572,12,17208
2117,3076,-316,16848
2118,3156,-596,17224
2119,3048,-924,17748
2120,3116,-840,17332
2121,3228,-452,16892
2122,2868,-236,17036
2123,2504,-280,17856
2124,2272,-176,18440
2125,2216,-132,18084
2126,2464,-8,17416
2127,2464,-8,17416
2128,2508,-52,17392
2129,2384,48,17612
2130,2384,28,17624
2131,2352,52,17708
2132,2252,160,17644
2133,2328,156,17504
2134,2312,204,17568
2135,2516,204,17356
2136,2496,64,17392
2137,2420,-100,17616
2138,2420,-100,17616
2139,2456,-124,17728
2140,2700,-96,17516
2141,2716,-232,17252
2142,2772,-444,17368
2143,2760,-572,17588
2144,2724,-368,17464
2145,2660,-180,17364
2146,2668,-128,17436
2147,2564,-220,17688
2148,2460,-244,17832
2149,2460,-244,17832
2150,2560,-68,17776
2151,2572,-92,17584
2152,2616,-156,17624
2153,2532,-100,17660
2154,2464,-100,17640
2155,2432,-28,17564
2156,2396,-36,17736
2157,2444,8,17688
2158,2448,36,17592
2159,2448,-100,17616
2160,2448,-100,17616
2161,2424,-84,17680
2162,2396,-140,17512
2163,2476,-116,17388
2164,2556,-116,17408
2165,2560,-128,17512
2166,2552,-96,17568
2167,2620,-148,17488
2168,2556,-160,17516
2169,2560,-204,17544
2170,2512,-192,17468
2171,2512,-192,17468
2172,2552,-188,17496
2173,2640,-140,17632
2174,2620,-240,17640
2175,2580,-124,17504
2176,2532,-88,17512
2177,2512,-180,17636
2178,2580,-124,17636
2179,2624,-68,17520
2180,2612,-72,17592
2181,2504,-72,17560
2182,2504,-72,17560
2183,2492,-164,17632
2184,2540,-96,17688
2185,2564,-100,17620
2186,2660,-120,17580
2187,2600,-236,17456
2188,2520,-164,17692
2189,2380,-152,17632
2190,2448,-80,17588
2191,2560,-44,17532
2192,2464,-84,17592
2193,2464,-84,17592
2194,2580,32,17532
2195,2620,32,17476
2196,2448,-80,17460
2197,2440,-128,17552
2198,2520,-108,17536
2199,2608,-68,17528
2200,2640,-56,17488
2201,2612,-76,17520
2202,2544,-160,17620
2203,2504,-116,17632
2204,2504,-116,17632
2205,2564,-48,17496
2206,2484,-88,17544
2207,2520,-64,17604
2208,2488,-164,17556
2209,2572,-76,17548
2210,2524,-52,17564
2211,2532,-28,17592
2212,2508,-200,17548
2213,2536,-160,17608
2214,2536,-160,17608
2215,2444,-68,17612
2216,2504,-92,17560
2217,2488,-160,17540
2218,2512,-120,17672
2219,2492,-200,17728
2220,2568,-132,17624
2221,2632,-124,17624
2222,2508,-152,17668
2223,2556,-144,17636
2224,2552,-128,17544
2225,2552,-128,17544
2226,2612,-168,17456
2227,2536,-272,17500
2228,2580,-136,17536
2229,2500,-144,17652
2230,2468,-52,17592
2231,2436,-136,17608
2232,2484,-112,17552
2233,2492,-108,17560
2234,2628,-76,17516
2235,2640,-256,17508
2236,2640,-256,17508
2237,2544,-120,17520
2238,2568,-72,17564
2239,2508,-156,17564
2240,2596,-180,17692
2241,2576,-148,17648
2242,2572,-72,17540
2243,2680,-112,17640
2244,2560,-112,17556
2245,2472,-124,17528
2246,2440,-128,17544
2247,2440,-128,17544
2248,2552,-64,17580
2249,2600,-88,17548
2250,2576,-172,17612
2251,2504,-160,17640
2252,2504,-204,17604
2253,2516,-112,17524
2254,2564,-156,17580
2255,2564,-128,17632
2256,2580,-112,17648
2257,2496,-128,17560
2258,2496,-128,17560
2259,2588,-144,17508
2260,2696,-148,17392
2261,2548,-96,17444
2262,2532,-100,17520
2263,2492,-176,17556
2264,2500,-136,17580
2265,2592,-104,17536
2266,2500,-84,17484
2267,2476,-92,17520
2268,2476,-180,17480
2269,2476,-180,17480
2270,2544,-188,17536
2271,2524,-128,17632
2272,2548,-116,17688
2273,2524,-64,17608
2274,2556,-88,17556
2275,2532,-124,17544
2276,2496,-76,17488
2277,2452,-120,17588
2278,2420,-152,17624
2279,2576,-68,17668
2280,2576,-68,17668
2281,2584,-56,17536
2282,2532,-120,17476
2283,2528,-156,17580
2284,2528,-168,17600
2285,2552,-152,17532
2286,2580,-108,17504
2287,2516,-136,17652
2288,2588,-56,17572
2289,2576,-124,17480
2290,2552,-200,17588
2291,2552,-200,17588
2292,2560,-144,17608
2293,2528,-156,17480
2294,2484,-140,17348
2295,2552,-172,17540
2296,2524,-48,17616
2297,2572,-144,17540
2298,2540,-60,17548
2299,2628,-128,17608
2300,2592,-116,17524
2301,2600,-80,17632
2302,2600,-80,17632
2303,2576,-92,17636
2304,2664,-120,17596
2305,2592,-172,17640
2306,2556,-40,17584
2307,2504,-48,17596
2308,2512,-16,17484
2309,2556,-116,17524
2310,2556,-80,17556
2311,2508,-84,17564
2312,2572,-104,17708
2313,2572,-104,17708
2314,2580,-156,17624
2315,2532,-12,17588
2316,2508,-108,17684
2317,2428,-100,17624
2318,2432,-104,17680
2319,2444,-128,17688
2320,2528,-128,17512
2321,2588,-92,17592
2322,2556,-208,17660
2323,2556,-208,17660
2324,2436,-204,17588
2325,2552,-164,17524
2326,2600,-84,17520
2327,2552,-192,17700
2328,2568,-84,17760
2329,2568,-76,17596
2330,2576,-120,17532
2331,2620,-112,17544
2332,2556,-132,17660
2333,2580,-92,17596
2334,2580,-92,17596
2335,2656,-128,17456
2336,2556,-120,17512
2337,2628,-220,17456
2338,2580,-88,17492
2339,2588,-128,17460
2340,2532,-68,17424
2341,2456,-184,17532
2342,2504,-136,17660
2343,2524,-144,17612
2344,2500,-60,17556
2345,2500,-60,17556
2346,2504,-120,17588
2347,2464,-80,17552
2348,2484,-124,17408
2349,2552,-116,17496
2350,2520,-124,17688
2351,2428,-132,17568
2352,2516,-216,17592
2353,2504,-140,17548
2354,2516,-200,17628
2355,2600,-48,17520
2356,2600,-48,17520
2357,2524,-60,17556
2358,2544,-92,17588
2359,2568,-156,17580
2360,2588,-208,17656
2361,2544,-120,17628
2362,2544,-8,17492
2363,2504,-64,17560
2364,2476,-164,17528
2365,2572,-168,17564
2366,2556,-156,17588
2367,2556,-156,17588
2368,2528,-156,17520
2369,2568,-84,17556
2370,2532,-48,17532
2371,2480,-128,17564
2372,2532,-112,17608
2373,2572,-212,17584
2374,2528,-164,17468
2375,2540,-104,17528
2376,2544,-128,17552
2377,2516,-148,17448
2378,2516,-148,17448
2379,2648,-112,17520
2380,2632,-108,17684
2381,2556,-120,17640
2382,2572,-132,17684
2383,2600,-128,17532
2384,2592,-148,17592
2385,2564,-132,17612
2386,2524,-112,17636
2387,2572,-116,17428
2388,2576,-104,17428
2389,2576,-104,17428
2390,2512,-160,17416
2391,2476,-244,17428
2392,2472,-144,17532
2393,2492,-100,17572
2394,2532,-176,17576
2395,2532,-176,17652
2396,2540,-60,17552
2397,2532,-28,17532
2398,2556,-144,17492
2399,2600,-120,17648
2400,2600,-120,17648
2401,2492,-208,17608
2402,2540,-152,17488
2403,2644,-124,17480
2404,2596,-24,17576
2405,2648,-100,17592
2406,2556,-40,17556
2407,2520,-140,17532
2408,2532,-156,17536
2409,2532,-96,17544
2410,2436,-148,17532
2411,2436,-148,17532
2412,2448,-124,17652
2413,2488,-116,17592
2414,2528,-56,17480
2415,2604,-68,17520
2416,2616,-132,17420
2417,2516,-212,17480
2418,2408,-180,17460
2419,2432,-216,17532
2420,2564,-140,17456
2421,2592,-168,17528
2422,2592,-168,17528
2423,2480,-164,17588
2424,2432,-100,17584
2425,2564,-72,17548
2426,2548,-140,17588
2427,2540,-44,17668
2428,2564,-100,17668
2429,2468,-56,17664
2430,2604,-52,17608
2431,2544,-52,17720
2432,2584,-96,17548
2433,2584,-96,17548
2434,2648,-88,17476
2435,2612,-216,17468
2436,2580,-184,17512
2437,2480,-56,17672
2438,2456,-44,17708
2439,2464,-124,17516
2440,2524,-124,17540
2441,2536,-56,17468
2442,2496,-56,17552
2443,2488,-44,17596
2444,2488,-44,17596
2445,2544,-144,17620
2446,2636,-176,17564
2447,2648,-184,17636
2448,2584,-148,17592
2449,2592,-96,17576
2450,2488,-92,17672
2451,2484,-68,17564
2452,2476,-120,17404
2453,2528,-140,17416
2454,2456,-52,17524
2455,2456,-52,17524
2456,2444,-56,17620
2457,2504,-80,17588
2458,2564,-140,17588
2459,2524,-76,17604
2460,2600,-56,17544
2461,2580,-152,17536
2462,2508,-100,17560
2463,2536,-108,17452
2464,2452,-208,17468
2465,2452,-208,17468
2466,2464,-108,17664
2467,2600,-176,17532
2468,2592,-52,17620
2469,2468,-120,17648
2470,2448,-100,17636
2471,2528,-172,17728
2472,2456,-108,17444
2473,2496,-88,17552
2474,2556,-136,17564
2475,2632,-96,17540
2476,2632,-96,17540
2477,2512,-144,17568
2478,2484,-212,17512
2479,2588,-132,17444
2480,2640,-68,17520
2481,2544,-196,17696
2482,2412,-4,17576
2483,2540,-52,17588
2484,2580,-60,17568
2485,2540,-160,17484
2486,2528,-76,17676
2487,2528,-76,17676
2488,2448,-116,17656
2489,2484,-108,17568
2490,2488,-88,17660
2491,2504,-52,17636
2492,2496,-84,17728
2493,2440,-72,17604
2494,2600,-184,17632
2495,2516,-100,17616
2496,2448,-116,17500
2497,2476,-220,17512
2498,2476,-220,17512
2499,2484,-100,17656
2500,2524,20,17628
2501,2544,40,17472
2502,2512,-92,17480
2503,2484,-176,17320
2504,2532,-164,17368
2505,2600,-152,17624
2506,2524,-132,17832
2507,2588,-160,17588
2508,2536,-180,17444
2509,2536,-180,17444
2510,2496,-56,17468
2511,2476,-104,17524
2512,2532,-188,17588
2513,2604,-108,17584
2514,2544,-120,17580
2515,2604,-152,17612
2516,2588,-28,17604
2517,2572,-84,17608
2518,2596,-160,17600
2519,2576,-136,17572
2520,2576,-136,17572
2521,2552,-120,17572
2522,2580,-144,17584
2523,2516,-144,17472
2524,2524,-104,17444
2525,2492,-124,17644
2526,2608,-172,17588
2527,2572,-108,17552
2528,2560,-52,17440
2529,2436,-16,17576
2530,2460,-68,17608
2531,2460,-68,17608
2532,2576,-100,17540
2533,2608,-4,17484
2534,2600,-68,17608
2535,2584,-72,17472
2536,2628,-92,17456
2537,2552,-100,17592
2538,2552,-128,17472
2539,2656,-68,17436
2540,2620,-136,17488
2541,2520,-92,17556
2542,2520,-92,17556
2543,2504,-156,17616
2544,2528,-8,17520
2545,2548,-156,17428
2546,2524,-224,17480
2547,2636,-224,17564
2548,2596,-76,17528
2549,2432,-116,17628
2550,2380,-40,17612
2551,2520,-136,17524
2552,2548,-148,17648
2553,2548,-148,17648
2554,2524,-168,17732
2555,2532,-120,17788
2556,2536,-156,17712
2557,2568,-156,17712
2558,2620,-100,17684
2559,2468,-132,17576
2560,2548,-92,17380
2561,2524,-240,17576
2562,2548,-92,17600
2563,2548,-92,17600
2564,2484,-52,17680
2565,2472,-52,17584
2566,2460,-196,17512
2567,2416,-176,17516
2568,2544,-88,17588
2569,2544,-44,17608
2570,2544,-152,17636
2571,2560,-124,17568
2572,2444,-120,17552
2573,2576,-116,17628
2574,2576,-116,17628
2575,2632,-120,17632
2576,2520,-132,17592
2577,2532,-176,17616
2578,2512,-84,17564
2579,2536,-48,17480
2580,2544,-32,17580
2581,2456,-40,17568
2582,2508,-116,17552
2583,2504,-112,17556
2584,2472,-172,17608
2585,2472,-172,17608
2586,2536,-140,17536
2587,2612,-88,17472
2588,2540,-44,17444
2589,2672,-80,17500
2590,2728,-56,17588
2591,2580,-136,17536
2592,2532,-116,17520
2593,2588,-164,17640
2594,2536,-140,17468
2595,2564,-104,17504
2596,2564,-104,17504
2597,2620,-40,17544
2598,2576,-48,17596
2599,2520,52,17564
2600,2536,-168,17604
2601,2596,-132,17604
2602,2552,-124,17712
2603,2520,-8,17700
2604,2536,-84,17576
2605,2512,-140,17588
2606,2548,-100,17548
2607,2548,-100,17548
2608,2532,-136,17540
2609,2620,-88,17516
2610,2600,-88,17532
2611,2508,-132,17544
2612,2536,-176,17476
2613,2464,-120,17604
2614,2512,-56,17548
2615,2620,-104,17628
2616,2528,-188,17576
2617,2632,-180,17708
2618,2632,-180,17708
2619,2524,-200,17672
2620,2512,-152,17520
2621,2532,-80,17488
2622,2484,0,17444
2623,2532,-104,17508
2624,2484,-36,17620
2625,2440,-60,17632
2626,2568,-104,17408
2627,2540,-116,17516
2628,2608,-164,17736
2629,2608,-164,17736
2630,2604,-176,17564
2631,2568,-92,17592
2632,2484,-220,17536
2633,2424,-228,17468
2634,2456,-164,17620
2635,2444,-76,17564
2636,2528,-88,17472
2637,2484,-144,17464
2638,2580,-68,17532
2639,2572,0,17624
2640,2572,0,17624
2641,2548,-112,17672
2642,2588,-96,17624
2643,2504,-36,17576
2644,2560,-144,17580
2645,2568,-140,17656
2646,2460,-68,17472
2647,2556,-112,17508
2648,2520,-152,17484
2649,2524,-68,17508
2650,2548,-168,17496
2651,2548,-168,17496
2652,2520,-96,17600
2653,2540,-112,17660
2654,2484,24,17588
2655,2532,-68,17564
2656,2600,-216,17556
2657,2612,-132,17416
2658,2556,-68,17464
2659,2464,-148,17624
2660,2524,-56,17564
2661,2556,-64,17412
2662,2556,-64,17412
2663,2508,-84,17380
2664,2404,-152,17600
2665,2524,-104,17656
2666,2580,-168,17600
2667,2572,-196,17448
2668,2532,-168,17448
2669,2644,-52,17484
2670,2616,-152,17652
2671,2484,-148,17580
2672,2484,-148,17580
2673,2640,-184,17456
2674,2660,-104,17492
2675,2448,-104,17464
2676,2456,-128,17508
2677,2532,-168,17508
2678,2500,-200,17532
2679,2536,-124,17528
2680,2480,-116,17564
2681,2612,-116,17664
2682,2576,-156,17572
2683,2576,-156,17572
2684,2608,-136,17548
2685,2628,-196,17468
2686,2496,-112,17492
2687,2516,-252,17504
2688,2548,-180,17620
2689,2544,-88,17516
2690,2516,32,17532
2691,2496,-104,17632
2692,2484,-148,17716
2693,2536,-236,17656
2694,2536,-236,17656
2695,2584,-172,17684
2696,2552,-68,17608
2697,2632,-52,17664
2698,2456,-208,17612
2699,2428,-212,17588
2700,2408,-152,17612
2701,2512,-124,17600
2702,2604,-104,17556
2703,2540,-120,17556
2704,2500,-88,17592
2705,2500,-88,17592
2706,2592,-96,17664
2707,2544,-180,17704
2708,2572,-208,17672
2709,2588,-76,17512
2710,2580,-156,17608
2711,2568,-164,17584
2712,2556,-116,17536
2713,2504,-40,17548
2714,2492,-80,17524
2715,2420,-108,17580
2716,2420,-108,17580
2717,2500,-228,17432
2718,2592,-172,17436
2719,2572,-196,17628
2720,2528,-148,17540
2721,2580,-164,17676
2722,2556,-144,17620
2723,2624,-152,17616
2724,2532,-180,17544
2725,2532,-56,17564
2726,2544,-132,17600
2727,2544,-132,17600
2728,2476,-64,17628
2729,2536,-116,17532
2730,2464,-60,17584
2731,2504,-148,17544
2732,2580,-104,17404
2733,2520,-132,17420
2734,2564,-128,17576
2735,2524,-124,17644
2736,2524,8,17652
2737,2544,-56,17696
2738,2544,-56,17696
2739,2556,-20,17608
2740,2480,-120,17524
2741,2524,-60,17576
2742,2508,-152,17672
2743,2576,-212,17608
2744,2612,-248,17504
2745,2592,-204,17588
2746,2508,-200,17528
2747,2508,-72,17436
2748,2480,-44,17388
2749,2480,-44,17388
2750,2476,-124,17480
2751,2444,-68,17588
2752,2468,-84,17700
2753,2628,-184,17592
2754,2516,-68,17548
2755,2496,28,17428
2756,2580,-84,17624
2757,2540,-40,17604
2758,2456,-120,17488
2759,2584,-4,17528
2760,2584,-4,17528
2761,2556,-136,17492
2762,2476,-44,17512
2763,2464,-108,17620
2764,2496,-56,17532
2765,2580,-136,17600
2766,2480,-80,17564
2767,2580,-104,17560
2768,2536,-100,17576
2769,2412,-152,17664
2770,2472,-100,17612
2771,2472,-100,17612
2772,2552,-76,17520
2773,2536,-144,17584
2774,2600,-200,17644
2775,2604,-108,17480
2776,2556,-160,17568
2777,2428,-148,17596
2778,2496,-100,17520
2779,2548,-160,17504
2780,2524,-220,17520
2781,2524,-220,17520
2782,2528,-164,17540
2783,2548,-132,17488
2784,2468,-112,17520
2785,2576,-112,17420
2786,2484,-128,17436
2787,2416,-140,17648
2788,2504,-68,17616
2789,2476,-124,17636
2790,2472,-144,17596
2791,2520,-116,17564
2792,2520,-116,17564
2793,2480,-160,17652
2794,2552,-88,17704
2795,2596,-196,17668
2796,2592,-156,17660
2797,2552,-180,17596
2798,2548,-144,17584
2799,2552,-64,17652
2800,2560,-116,17564
2801,2520,-120,17540
2802,2620,-56,17588
2803,2620,-56,17588
2804,2564,-64,17668
2805,2468,-132,17596
2806,2512,-132,17580
2807,2560,-48,17536
2808,2528,-108,17652
2809,2456,-120,17612
2810,2584,-124,17592
2811,2524,-104,17504
2812,2528,-164,17560
2813,2532,-176,17520
2814,2532,-176,17520
2815,2456,-100,17636
2816,2456,-196,17740
2817,2516,-152,17632
2818,2500,-88,17588
2819,2560,-60,17608
2820,2552,-212,17636
2821,2592,-228,17672
2822,2476,-208,17596
2823,2396,-168,17632
2824,2400,-156,17604
2825,2400,-156,17604
2826,2536,-100,17396
2827,2512,-84,17524
2828,2436,-88,17560
2829,2460,-164,17564
2830,2572,-140,17560
2831,2592,-140,17588
2832,2592,24,17684
2833,2548,-60,17480
2834,2496,-108,17488
2835,2572,-112,17620
2836,2572,-112,17620
2837,2520,-144,17632
2838,2552,-120,17500
2839,2616,-76,17492
2840,2620,-160,17540
2841,2556,-148,17588
2842,2532,-36,17620
2843,2484,-188,17640
2844,2488,-148,17672
2845,2612,-248,17620
2846,2528,-112,17572
2847,2528,-112,17572
2848,2464,-84,17708
2849,2452,-64,17648
2850,2432,-140,17636
2851,2488,24,17556
2852,2548,-140,17376
2853,2552,-124,17576
2854,2564,-112,17468
2855,2504,-168,17560
2856,2504,-176,17444
2857,2520,-136,17524
2858,2520,-136,17524
2859,2584,-64,17556
2860,2640,-160,17560
2861,2496,-88,17648
2862,2504,-100,17644
2863,2512,-88,17616
2864,2484,-100,17476
2865,2508,-112,17448
2866,2512,-104,17560
2867,2504,-44,17556
2868,2592,-76,17432
2869,2592,-76,17432
2870,2540,-88,17588
2871,2512,-156,17720
2872,2508,-148,17556
2873,2492,-132,17596
2874,2504,-32,17524
2875,2608,-164,17516
2876,2540,-80,17520
2877,2520,-188,17624
2878,2484,-104,17584
2879,2568,-164,17520
2880,2568,-164,17520
2881,2584,-204,17592
2882,2472,-156,17536
2883,2484,-68,17520
2884,2580,4,17564
2885,2512,-44,17580
2886,2524,-156,17656
2887,2552,-68,17668
2888,2532,-56,17604
2889,2548,-68,17632
2890,2484,-148,17616
2891,2484,-148,17616
2892,2536,-28,17600
2893,2552,-84,17488
2894,2632,-132,17516
2895,2600,-120,17696
2896,2560,-88,17572
2897,2512,-120,17488
2898,2592,-76,17584
2899,2648,-32,17624
2900,2556,-80,17576
2901,2556,-80,17576
2902,2496,-108,17496
2903,2544,-184,17620
2904,2512,-120,17624
2905,2496,-72,17480
2906,2544,-60,17488
2907,2504,-84,17540
2908,2552,-68,17648
2909,2456,-100,17548
2910,2592,-24,17652
2911,2596,-84,17724
2912,2596,-84,17724
2913,2656,-72,17540
2914,2644,-88,17612
2915,2520,-76,17592
2916,2508,-84,17684
2917,2556,32,17608
2918,2572,-80,17580
2919,2580,-84,17656
2920,2548,-72,17580
2921,2516,-96,17544
2922,2576,-152,17564
2923,2576,-152,17564
2924,2640,-96,17404
2925,2584,-208,17436
2926,2564,-300,17576
2927,2564,-152,17636
2928,2500,-160,17520
2929,2524,-132,17648
2930,2492,-152,17628
2931,2532,-88,17616
2932,2516,-84,17524
2933,2476,-76,17852
2934,2476,-76,17852
2935,2436,-112,17812
2936,2496,-44,17556
2937,2544,-244,17692
2938,2548,-212,17512
2939,2444,-128,17440
2940,2500,-76,17532
2941,2528,-84,17652
2942,2532,-48,17788
2943,2584,-148,17664
2944,2592,-116,17632
2945,2592,-116,17632
2946,2532,-132,17576
2947,2600,-68,17616
2948,2480,-96,17496
2949,2516,-96,17580
2950,2504,-88,17580
2951,2516,-140,17560
2952,2568,-116,17500
2953,2552,-64,17536
2954,2544,-80,17636
2955,2520,-168,17576
2956,2520,-168,17576
2957,2536,-52,17588
2958,2600,-12,17652
2959,2592,-128,17592
2960,2468,-164,17584
2961,2464,-96,17580
2962,2644,-20,17472
2963,2568,-184,17520
2964,2572,-176,17664
2965,2612,-168,17476
2966,2572,-216,17272
2967,2572,-216,17272
2968,2512,-140,17436
2969,2496,-176,17616
2970,2508,12,17600
2971,2452,-104,17596
2972,2516,20,17692
2973,2520,-72,17656
2974,2632,-52,17728
2975,2600,-128,17672
2976,2552,-76,17740
2977,2504,-100,17704
2978,2504,-100,17704
2979,2592,-124,17572
2980,2580,-56,17616
2981,2656,-72,17436
2982,2532,-92,17488
2983,2544,-116,17584
2984,2556,-108,17572
2985,2448,-208,17488
2986,2596,-128,17564
2987,2592,-216,17516
2988,2504,-180,17536
2989,2504,-180,17536
2990,2464,-252,17576
2991,2492,-100,17592
2992,2480,-160,17664
2993,2476,-100,17636
2994,2468,-88,17592
2995,2416,-56,17588
2996,2504,-136,17684
2997,2400,-84,17644
2998,2464,-64,17572
2999,2528,-88,17744
